{"Birth to Education Distance":{"0":213.9730993686,"1":573.8353786095,"2":425.0579282726,"3":104.8093958325},"Birth to Current Distance":{"0":256.5487727679,"1":250.3438491137,"2":169.6360645477,"3":342.7898003316},"Education to Current Distance":{"0":334.9298911679,"1":417.0773945452,"2":408.3659655598,"3":435.1968567918},"Birth Coordinates":{"0":{"Latitude":56.356463,"Longitude":16.420155},"1":{"Latitude":56.0464674,"Longitude":12.6945121},"2":{"Latitude":57.2639556,"Longitude":13.7937279},"3":{"Latitude":58.8324622,"Longitude":16.516314}},"Current Coordinates":{"0":{"Latitude":58.5380335,"Longitude":15.0470936},"1":{"Latitude":58.2834894,"Longitude":12.2858206},"2":{"Latitude":56.6634447,"Longitude":16.356779},"3":{"Latitude":56.0293936,"Longitude":14.1566778}},"Education Coordinates":{"0":{"Latitude":55.7046601,"Longitude":13.1910073},"1":{"Latitude":60.128161,"Longitude":18.643501},"2":{"Latitude":60.128161,"Longitude":18.643501},"3":{"Latitude":59.3293235,"Longitude":18.0685808}}}